id	primer
P1	AAACACGTGGCAAACATTCC
P2	AAACCGGAGCCATACAGTAC
P3	AAAGCACTCTTAGGCCTCTG
P4	AAAGGGGCCGTCAATATCAG
P5	AAATAAGACGACGACCCTCG
P6	AACGATGATGCTCACTCTCG
P7	AAGAATTACTGACCCCTCGG
P8	AAGACGATCCGAGCCATTAC
P9	AAGGAACTATGGCATCGAGC
P10	AAGGACTGCATACCAGGTTG
P11	AAGGATATGTAGACACCGCC
P12	AAGGCCCAGAAGGATACAAC
P13	AAGGCGCTCGGATAATACTC
P14	AAGGTATGTATAGCGACCGC
P15	AATAGGAACCTCTTACGCGG
P16	AATATCACGCAAAAGCACCG
P17	AATCAGTTTCTTTGGCAGCC
P18	AATGCAAAGCTATTAGCGCG
P19	AATGCGTCATTTTACACGGC
P20	AATGTCCTTAGGCAGTCGTC
P21	ACAACGAGCAGACCGAATAG
P22	ACAAGGAGTCGGCATATCAC
P23	ACAGAACGAACAGGCACTAC
P24	ACAGGAAGCAAGGTATACGC
P25	ACAGGGTATATTGAGTGCCC
P26	ACATAAGCGATCCCAAGGTC
P27	ACATCGCATACCAGAACAGG
P28	ACATTAAATTTCGCCGTGGC
P29	ACCACAGGTCAAGATTCACG
P30	ACCCGTATCGCATAAGGATG
P31	ACGAGATGATGCACCGATAG
P32	ACGATGGGGACATAGAACAC
P33	ACGGAGCCCTTATTGTAACC
P34	ACGTATGGGGAACACTACAC
P35	ACGTGAAACTGTATCGAGCC
P36	ACGTTCAGTTTTCCAATGGC
P37	ACTAGATTAGCAAGGCACCC
P38	ACTGGACCCAATAAAAGGCC
P39	ACTTCGATTGGCAAGGACTG
P40	AGAACATAGCATTCACGGGG
P41	AGACAACAATCTGAGGCTGG
P42	AGACAAGCCTTAACCGTAGG
P43	AGACACAAGGCTGATTCCAG
P44	AGACATGGGATTGACCACAC
P45	AGAGAGGCATGATTGACCTC
P46	AGAGTTGCACCTAGAATCCG
P47	AGATAGATGCTCCGTCAAGC
P48	AGATAGTCACGCACAAGACC
P49	AGATTAGCCGACTTTCCTGG
P50	AGATTAGCTGCCGATACTGG
P51	AGATTGTTACTCCGACGGAC
P52	AGATTTCCGACGAGATTCCC
P53	AGCATCCGTCTAAATCTCGG
P54	AGCTATAAGAATTGCCGGGC
P55	AGCTATGATCCCGGTGTAAC
P56	AGCTCAATCTAACAGTGGGG
P57	AGGACACCAGACCAATGAAG
P58	AGGGCTAATTACCATCAGCG
P59	AGGTGATCTGACGAATGTCC
P60	AGTAAAGCATAGTGCCCAGC
P61	AGTAGTATCCGAATCGCTGC
P62	AGTATCTCAGCAAGGGCAAC
P63	AGTATTAGGCGTCAAGGTCC
P64	AGTATTCTTACAGCCAGCCG
P65	AGTATTGCCGGACTAAACCC
P66	AGTCCCAAGTTCAGACGTAC
P67	AGTCCGACACAATGTGACAC
P68	AGTGAACTGACCGAATCCTC
P69	AGTGGTCTGTAAACCGTACC
P70	AGTGTTTTCCATTTTCCGCG
P71	AGTTATAAGGGTCCGATGCC
P72	AGTTGCAGTATCTAACCCGC
P73	AGTTGTAATATCACCCGCGC
P74	ATACGTGGCTAGCATGAGAC
P75	ATACTGTAAGAACCACGCGG
P76	ATAGATCATGTCGGCAGTCG
P77	ATAGATGGTGCCTACATGCG
P78	ATCACAACAAAGGACGGGTC
P79	ATCAGACAACACAGAGGCTG
P80	ATCCAGGAGGTCTAGGAACC
P81	ATCCTAGAAAAGGCGAAGGC
P82	ATGCCATGACGACAACTAGC
P83	ATGCTAGCTGGAACTATCGG
P84	ATTAGGATTGCGAGCGACAC
P85	ATTAGTACACTCCGTGAGCG
P86	ATTCAAGGGTTGGACGACTC
P87	ATTCTCACGACGCAAGATGG
P88	ATTGACGGGAACTACACTCG
P89	CACTCGATAGGTACAACCGG
P90	CAGACCTACGGATCTTAGCG
P91	CCACGAGATAAGAGGATGGC
P92	CCAGAGCTTAGGGGACATAC
P93	CCCGAGGGGAGAAATATACC
P94	CCGAGGGAACCATGATACAG
P95	CCGGGAGGAAGATATAGCAC
P96	CCGGTTGTACCTATCGAGTG
P97	CCGTGCGACAAGATTTCAAG
P98	CCTTTAACAGGACATGCAGC
P99	CGAACGCAAAAGTCCTCAAG
P100	CGATAGAACGACCAGGTAGC
P101	CGGATCGAACTTAGGTAGCC
P102	CGGGAGGAAGTCTTTAGACC
P103	CTAATATCCCTGAGCGACGG
P104	CTAGGGAACCAGGCTTAACG
P105	CTAGGGGATGGTCCAATACG
P106	CTATAGAATCCGGGCTGGTC
P107	CTGCTAGGGGCTACTTATCG
P108	GAAAAGTCCCAATGAGTGCC
P109	GAAGTGGTTTGCCTAAACGC
P110	GACCATGCAAGGAGAGGTAC
P111	GATACATAGACTTGGCCCCG
P112	GCACGCAAAAGGACATAACC
P113	GCAGCGTTTTAGCCTACAAG
P114	GCATAAAGTTGACAGGCCAG
P115	GCTAAATAGAGGGAAGCCCC
P116	GGAAAACTAAGACAAGGCGC
P117	GGAAACAATAACCATCGGCG
P118	GGGCACCGATTAAGAAATGC
P119	GGGTTGTCTCCTCTGATAGC
P120	GTACTCAGAGATTGCCGGAG
P121	GTATAAGATCAGCCGGACCC
P122	GTATGTCGGCTCTCGTATCG
P123	GTTCAGAGGTACGAACCCTC
P124	GTTGCATCTAAGCCAAGTGC
P125	TAAAGAGAGGGCGTCCAATC
P126	TAACGACGTGCCGAACTTAG
P127	TAAGATAGCACCACGGATGG
P128	TAAGGATTCATCAGGTGCGC
P129	TAAGGGACGATGCTTAACCC
P130	TACCACGAAATGCACAGGAG
P131	TACTGATAATTCGGACGCCC
P132	TACTTGAATACCACGTGGCC
P133	TAGCCAGGCAAAAGAGATCC
P134	TAGCTCGATAATCAAGGGGC
P135	TAGTGACCTAATGCCATGGG
P136	TAGTTGAGAACACGAACCCG
P137	TATAACAGGCTGCTGAGACC
P138	TATACTGAAGAACGGCCCAG
P139	TATCAATCCGGAACCAGTGC
P140	TATCACGGAAGGACTCAACG
P141	TCAAAGGAGCACGAACCTAC
P142	TCAAGGTCCGTTATGGAACC
P143	TCACATAGAAGGACATGGCG
P144	TCACTTGGTATCGAGAACGG
P145	TCAGCCTTTCATTGATTGCG
P146	TCATCGACAAGATACAGGCG
P147	TCCAATTATACGGAGCAGGC
P148	TCGAATATGCTGTAACCCCG
P149	TCGACCAGGTTATCATGAGC
P150	TCGAGACAAGAACGATTCCC
P151	TCTAGGACTATCACCGGAGG
P152	TCTTCATAAGCCAGAGTGCC
P153	TCTTGCGATAGACACAAGCC
P154	TGAGCCATAAAAGCAAAGCG
P155	TGAGCGCAGAACTATCAGAC
P156	TGCATAGTATCCCAACAGGG
P157	TGCCAAAGGGTAGAGACATC
P158	TGCTGAATGAGAAACCTCGG
P159	TGGGGACGACTTATAATGCC
P160	TGTGGACCCTATCAAACGAG
P161	TTAGCTCAGGTCCAAAGTCC
P162	TTAGTAGGCAAGCATACCCG
P163	TTCGGGAGCGGATTATACAC
P164	TTCTGGGACTGGATAACACG
P165	TTGACAGACAATCCGTAGGC
